ReturnJan,ReturnFeb,ReturnMar,ReturnApr,ReturnMay,ReturnJune,ReturnJuly,ReturnAug,ReturnSep,ReturnOct,ReturnNov,Segment K-Means,Labels
0.5798001620000001,0.33225225199999997,-0.405460951,-0.06,0.060732113,-0.21536106100000002,0.27444693800000003,0.5383439489999999,0.12706816699999998,-0.171428571,-0.195374525,2,stocksTrain3
0.67918692,0.7938850820000001,-0.289855072,-0.156512821,-0.48053498899999997,1.090130689,-0.131396357,0.05509434,-0.393723252,-0.34821428600000004,0.16864864899999998,2,stocksTrain3
-0.23214285699999998,1.117785077,-0.368743169,-0.437003797,-0.294357184,0.39755102,0.040588235,0.053899083,-0.11876355699999999,-0.16923076899999998,0.028148147999999998,2,stocksTrain3
0.023092783999999998,0.34268041200000005,0.049705882,0.07663059400000001,-0.22346666699999998,0.523714095,-0.193625325,0.203501094,-0.185403445,0.016375243,-0.323897497,2,stocksTrain3
-0.18116912100000002,0.825635517,0.08924552300000001,0.069413741,-0.078811687,0.122237569,-0.11240310099999999,0.106382979,0.167820069,-0.51658828,-0.157740864,2,stocksTrain3
-0.099322134,0.480291487,0.019722098,-0.147111111,-0.040258065,-0.062432432,-0.364678225,0.292873563,-0.111344538,-0.080833333,0.17478379600000002,2,stocksTrain3
0.005627376,0.371597096,-0.5066666670000001,0.051261514,-0.24361809,0.515507519,-0.131971117,0.10035714300000001,0.134047387,-0.163145376,-0.17752171,2,stocksTrain3
0.027676767999999997,0.40933746600000004,-0.291666667,0.393939394,-0.463768116,0.44638036799999997,-0.236511707,0.269333333,-0.422976045,-0.495466511,0.211692308,2,stocksTrain3
0.2752,-0.016,0.028617886000000002,-0.319948187,-0.179920477,0.53030303,0.051758198,0.11044327599999999,0.135876841,0.012918378999999999,0.192850966,2,stocksTrain3
-0.057360055,0.330919623,-0.16,-0.027936508,-0.210006583,0.22305141,-0.084745763,0.014074073999999999,0.013452915,0.025868441000000002,-0.27459618199999997,2,stocksTrain3
0.334473737,1.893681194,-0.520725389,-0.424324324,-0.332604338,0.250198992,-0.297113752,0.40663017,-0.179345516,-0.042129749,-0.193739881,2,stocksTrain3
0.44628099200000004,0.926553672,-0.191304348,-0.34382352899999996,-0.20872340399999997,0.839464883,-0.078571429,0.630941286,0.089657809,-0.10299349199999999,-0.164240128,2,stocksTrain3
0.647058824,0.375714286,-0.091578947,-0.235428571,-0.027377522,-0.091851852,-0.010971787,-0.232633279,-0.24089068800000002,-0.226804124,-0.206666667,2,stocksTrain3
0.069091759,0.367775701,-0.486376022,0.065403935,-0.19471501600000002,0.05372093,-0.164519326,0.120036335,-0.323640096,-0.125432099,-0.15556483599999998,2,stocksTrain3
0.086397059,0.814858802,-0.464797774,-0.111241379,-0.25026439,-0.047090611,0.48507462700000004,0.387623932,0.0051456309999999995,-0.636536541,-0.338160951,2,stocksTrain3
0.642335766,0.19047619,0.04961832099999999,-0.112727273,-0.155737705,0.515463918,0.465986395,-0.085846868,0.04679803,0.0,-0.12383177599999999,2,stocksTrain3
0.294653465,0.149425287,-0.227620808,-0.49255751,-0.31562099899999996,-0.144888889,-0.151234568,-0.152625153,-0.133526851,-0.23,-0.5625,2,stocksTrain3
0.13150392,0.623125,-0.02427363,0.149107981,-0.276826115,-0.236210253,-0.24409015899999997,0.22381635600000002,-0.236033928,-0.149016641,-0.30875975699999997,2,stocksTrain3
0.341067285,0.25994695,-0.07250342,-0.24072727300000002,-0.15809167400000002,0.593913956,-0.13559322,0.043076922999999996,-0.20897718899999998,-0.047080979,0.032660903,2,stocksTrain3
0.84,3.615384615,-0.43820224700000004,-0.380897583,-0.341130604,0.482093664,0.033457249,0.332149201,-0.161290323,-0.156739812,-0.47241379299999997,2,stocksTrain3
-0.07020607799999999,1.545521563,-0.30739299600000003,-0.13694915300000002,-0.329113924,0.704344755,-0.21693121699999998,0.128123339,0.130114943,-0.033596438,-0.49262978,2,stocksTrain3
0.151398264,0.20435510899999998,-0.074686054,-0.46428571399999996,-0.47866666700000005,0.28,0.14285714300000002,-0.284511785,-0.208816705,-0.06609195400000001,-0.41715976299999996,2,stocksTrain3
-0.295625276,0.163760897,0.0445,-0.229885057,-0.328217237,0.018404908,0.10240963900000001,0.464953271,-0.053333333,-0.173544375,-0.426286509,2,stocksTrain3
0.627015707,0.729438893,-0.293891088,0.139115955,-0.5498313,-0.07646420799999999,-0.240448147,0.384615385,-0.402646503,0.0,-0.274223035,2,stocksTrain3
0.08756696800000001,0.269790795,0.245194805,0.09186351699999999,0.009950249,0.318894472,-0.44821292799999995,0.674609929,0.151762208,-0.256133324,-0.623985751,2,stocksTrain3
0.12704918,1.0172910659999999,-0.45725915899999997,-0.27184466,-0.226804124,0.020920502,-0.282786885,0.447513812,-0.024590163999999998,-0.265625,-0.21465968600000002,2,stocksTrain3
0.010830325,0.8657142859999999,-0.419661017,-0.181818182,-0.266324285,0.156,-0.16092943199999998,0.013333333000000001,-0.26974359,-0.051490515,-0.178362573,2,stocksTrain3
-0.166,0.593373494,-0.219807213,-0.265445545,-0.340126582,0.7990825690000001,0.195257732,0.39126591200000005,-0.09643037300000001,-0.100185132,-0.497740842,2,stocksTrain3
-0.064653465,0.241800882,-0.25,-0.826502732,-0.19751938,0.203954595,0.024179104,0.23878787899999998,-0.21101796399999997,-0.11608721300000001,-0.379322034,2,stocksTrain3
0.39904761899999996,1.480782669,-0.620999439,-0.09571209800000001,-0.471273292,1.6731034480000002,-0.064102564,0.14222222199999998,-0.170233463,0.35760422799999997,0.034317983999999996,2,stocksTrain3
0.125950413,0.8712121209999999,-0.26252505,0.111026284,-0.188095238,-0.375366569,-0.34505772,0.21286454100000002,-0.566168266,0.18423799600000001,-0.28759316100000004,2,stocksTrain3
0.050769231,0.031227364,-0.182456654,-0.632623071,-0.105408805,0.20606723100000002,-0.059171598,-0.040754717,-0.20477479699999998,-0.09384164199999999,-0.230421687,2,stocksTrain3
0.043478261,0.30597014899999997,-0.42492917799999996,0.022332506000000002,-0.21718377100000003,0.298591549,0.01986755,3.626609442,-0.35483871,-0.327868852,-0.38905180799999994,2,stocksTrain3
-0.115616911,0.153091266,0.07573149700000001,-0.061389337999999995,-0.48364888100000003,0.332288401,-0.085714286,-0.246305419,-0.04,-0.115,-0.334016393,2,stocksTrain3
0.01459854,0.370209059,-0.002506789,-0.197916667,-0.00466805,0.204039358,-0.441673894,0.033153431000000004,-0.143903332,-0.209380235,-0.178154825,2,stocksTrain3
-0.181626188,0.880597015,-0.36699274200000004,-0.062950505,0.10625,0.117377049,-0.235339806,0.13356944099999998,-0.146719858,-0.207885305,-0.347389558,2,stocksTrain3
0.74163286,-0.10877697800000001,-0.170441945,-0.1,-0.451578724,0.651083238,-0.308959603,-0.020076482,-0.093690249,-0.26803764399999996,-0.31456790100000004,2,stocksTrain3
0.282679406,0.11254146300000001,-0.300711744,-0.356007245,-0.026693106,0.777424242,0.04795631,0.127776432,0.233279415,0.112737589,-0.111802827,2,stocksTrain3
0.231060606,0.162790698,0.612903226,-0.5248,-0.133663366,0.201904762,-0.373182553,0.0475,-0.121359223,-0.142473118,-0.343949045,2,stocksTrain3
0.18857142899999998,1.173157163,-0.064312072,-0.40633333299999996,-0.12119622199999999,-0.035187287000000005,0.119402985,-0.08756756800000001,0.08886255900000001,-0.297297297,-0.25,2,stocksTrain3
-0.09814618900000001,0.729970682,-0.396770395,-0.270588235,-0.092350316,0.532192067,-0.022223438999999998,0.270379747,0.032551628,-0.048977373,-0.257723757,2,stocksTrain3
0.013345009,-0.3182038,0.211371571,-0.263333333,-0.262070922,0.611274654,0.031034482999999998,0.119820829,-0.030082367999999998,-0.104894542,-0.550691244,2,stocksTrain3
0.569230769,0.406189179,-0.137931034,0.458373984,-0.567182056,0.46349279,-0.2246875,0.123045685,-0.40259740299999996,-0.194038929,-0.075918367,2,stocksTrain3
0.6,3.2510121460000003,-0.41666666700000005,-0.125418683,-0.37829912,-0.089726918,-0.08814814800000001,-0.07067424900000001,0.260869565,-0.117036011,-0.019607843,2,stocksTrain3
0.202797203,1.142857143,-0.189753321,-0.16958042,-0.136182903,0.385681293,-0.12,0.17260788,0.19143780300000002,-0.19946091600000002,-0.278829604,2,stocksTrain3
0.12244898,0.622545455,0.20298114899999997,-0.218459248,-0.316144578,1.103878116,-0.23338843,0.08883139300000001,-0.433656958,-0.064159292,-0.39453125,2,stocksTrain3
0.16780821899999998,1.471157895,-0.320623073,-0.278202247,-0.09826771699999999,0.6147540979999999,-0.067383216,0.34684883200000005,-0.148232984,-0.170623432,-0.242070896,2,stocksTrain3
-0.003571429,1.330985915,-0.39842900299999995,-0.5667464560000001,-0.24908050699999998,0.559735099,-0.11213675199999999,0.443902439,-0.20539529899999998,0.09582978699999999,-0.1084375,2,stocksTrain3
0.059701493,0.866086468,-0.44755450799999996,0.551724138,-0.110671937,0.15153846199999998,-0.335037941,0.263752826,-0.049019608,0.083232323,-0.13648245,2,stocksTrain3
0.009141696,0.772,-0.242211619,-0.18114328100000002,-0.029361702000000003,0.16602481800000002,0.28865979399999997,0.093363976,0.208116545,0.333763997,-0.20726565,2,stocksTrain3
0.212307692,0.36855670100000004,0.380952381,-0.161428571,0.031353135,0.166144201,-0.136798906,0.04,0.076923077,-0.302857143,-0.45,2,stocksTrain3
-0.462585366,0.7753982759999999,-0.165560976,0.017647059,0.048145049,0.10863874300000001,-0.45298500399999997,0.263080388,0.051752922,-0.018589664,-0.33635129,2,stocksTrain3
0.124207641,1.341538462,-0.211109026,0.016444663999999998,-0.055700197,0.33887550200000005,-0.142564103,0.56664311,-0.450342389,-0.162777734,-0.25505199100000003,2,stocksTrain3
0.13559322,0.368613139,-0.20688172,-0.381538462,0.0,0.269230769,-0.151121606,0.224137931,-0.138434579,0.068965517,-0.341574496,2,stocksTrain3
0.67847619,1.4090909090000001,-0.509433962,0.11580775900000001,-0.019437695,0.5113513510000001,-0.287142857,0.331899404,-0.15789473699999998,-0.495507246,-0.145550972,2,stocksTrain3
0.062827225,0.9215686270000001,-0.47765258200000005,-0.29331661,0.043684473,0.35600000000000004,-0.7613096290000001,0.219369039,0.137522229,-0.065789474,-0.29231658,2,stocksTrain3
0.09866666699999999,0.39764705899999997,0.19250425899999998,-0.33,0.040511727000000004,0.619433198,-0.07635468,0.125,-0.070336391,0.030167597999999997,0.087852495,2,stocksTrain3
0.243076923,0.22,-0.6063247860000001,-0.110215054,-0.271151515,0.5847457629999999,-0.079685508,0.24323702100000003,-0.094363636,-0.322425216,-0.38325925899999996,2,stocksTrain3
0.319829424,0.319875776,0.117647059,-0.155925156,0.015,0.22315035800000002,-0.13714285699999998,0.006622517,0.094130676,-0.012631578999999999,-0.196842105,2,stocksTrain3
0.078739255,0.945733223,-0.40116710899999997,0.25366189899999997,-0.19250199399999998,0.06374502,-0.16089552199999999,0.182403433,-0.165170557,-0.158042077,-0.413890339,2,stocksTrain3
0.028549962,0.526779164,-0.130952381,-0.112255965,0.03761194,-0.098591549,0.206724782,0.566545831,0.310894309,0.048638132,-0.449160448,2,stocksTrain3
-0.004002183,0.20413554399999997,-0.41736378,-0.09808768,-0.185057965,0.085011949,0.032502367000000004,0.05976834,-0.19776390300000002,-0.060996863,-0.09455370699999999,2,stocksTrain3
-0.028571429,0.6174801360000001,-0.237333333,-0.32799999999999996,-0.18915343899999998,0.267828843,-0.283375315,-0.077328647,0.082862524,-0.255102041,-0.07398568,2,stocksTrain3
0.019166413,0.355555556,0.042328042,0.06244898,-0.190457942,-0.047543939,-0.10968661,0.308266667,-0.165629392,-0.108571429,-0.406074241,2,stocksTrain3
0.19178378399999998,0.002374429,-0.102172742,-0.194639175,-0.20343261,0.466523342,-0.059481865,0.030969478999999998,-0.339147287,-0.21875,-0.2,2,stocksTrain3
-0.008841985,0.5956099,-0.194690265,-0.1,-0.024285714,0.22875817,-0.10497237599999999,0.097140039,-0.083798883,-0.09909909900000001,-0.072847682,2,stocksTrain3
0.10453284,-0.055415617,-0.189307625,-0.41189189200000004,-0.08896797199999999,0.252408478,-0.055891239,0.24,-0.015,-0.033333333,-0.125714286,2,stocksTrain3
0.085454545,0.068631579,0.463129146,-0.065261554,-0.260916734,0.558909091,-0.432447398,0.005647059,-0.276705882,0.024723487000000002,-0.270163934,2,stocksTrain3
-0.19565432100000002,0.365269461,-0.326226013,-0.16810344800000002,-0.38440197299999995,-0.197333333,0.199513382,0.20370370399999999,0.056267520999999994,-0.146226415,-0.35046729,2,stocksTrain3
-0.184662847,0.040540541,0.211568525,-0.075100581,-0.1375,0.631668558,-0.137624467,0.33798195200000003,-0.41671436700000003,-0.016923843,-0.346153846,2,stocksTrain3
-0.24289855100000002,0.384615385,-0.402777778,-0.312242091,-0.337085308,-0.345531915,-0.118577075,0.07332293299999999,-0.07204611,-0.004573171,-0.456521739,2,stocksTrain3
-0.030987115,-0.027036011000000002,-0.254237288,0.077575758,-0.385976948,0.224043716,-0.255194459,0.114457831,-0.1994003,-0.245614035,-0.164819945,2,stocksTrain3
0.18834688300000002,0.25,-0.30228471,-0.132275132,-0.265785609,0.37654321,-0.032884903,-0.029503106,-0.192307692,-0.029644268999999997,0.1,2,stocksTrain3
0.297840875,0.190227273,-0.34285174,-0.6291192329999999,0.122264151,-0.28875,-0.350921273,0.1875,-0.612682927,-0.167487685,-0.39589442799999996,2,stocksTrain3
0.22445561100000003,0.6757865940000001,-0.166666667,-0.117530864,-0.108138239,0.133501259,-0.036470588,0.049450549,-0.147242752,0.067204301,-0.271091811,2,stocksTrain3
0.6366666670000001,1.281496063,-0.18441041,-0.515836431,0.574280681,0.030044444,-0.36956521700000006,0.214451613,-0.394226804,0.049586777,-0.281904762,2,stocksTrain3
0.153423773,0.380246914,-0.266391834,-0.054407914,0.05511811,0.128448804,-0.06122449,0.19255381,-0.09375,-0.253333333,0.002232143,2,stocksTrain3
0.20812182699999998,0.6302521010000001,-0.042792792999999996,-0.257019438,0.345930233,0.024590163999999998,0.0,-0.047619048,-0.08380952400000001,0.066528067,-0.196190476,2,stocksTrain3
1.124312431,0.13094034400000001,-0.10390179699999999,-0.125,-0.124467582,0.37189189200000006,-0.014937107,0.10391149699999999,0.328214286,-0.126281705,-0.5394614670000001,2,stocksTrain3
0.11414720099999999,0.096822995,-0.35715504,-0.029442417999999998,-0.22782471,0.402177499,0.052941176,0.368089888,0.06778838400000001,0.104651163,-0.209713962,2,stocksTrain3
-0.129809023,0.220625,-0.064201335,0.0,-0.148034569,0.0684375,-0.301011303,0.37067474,0.17734301,-0.062065275999999996,-0.508826879,2,stocksTrain3
-0.038235293999999996,0.221299463,-0.250631579,-0.159722222,0.064666667,0.134193749,0.213501647,0.235294118,-0.551009274,0.012555691,-0.278989899,2,stocksTrain3
0.065449011,0.10222222199999999,0.015900057,0.113472222,-0.143302181,0.243439817,0.056099225999999995,0.291711287,-0.0004956219999999999,-0.6353622720000001,-0.434106781,2,stocksTrain3
-0.030143266000000002,0.293604651,-0.28988764,-0.288641975,-0.198688525,1.104948125,0.34761629,-0.33438237600000004,0.19582245399999998,-0.28806867,-0.35573667700000006,2,stocksTrain3
0.703703704,1.887174542,-0.394325789,-0.473684211,-0.33893280600000003,1.01793722,-0.07369255200000001,0.40993266,1.051582649,-0.339300699,-0.523009496,2,stocksTrain3
-0.039215686,0.275510204,0.060052219000000004,-0.17847769,-0.09836065599999999,0.159851301,-0.029585799,0.18666666699999998,0.22422680399999997,-0.111111111,-0.087058824,2,stocksTrain3
0.511487304,0.941558442,0.043333332999999995,-0.463815789,0.064539877,0.578514286,0.07956706200000001,0.6239082970000001,-0.194728033,-0.264270613,-0.255990415,2,stocksTrain3
0.043339707000000005,0.229077581,0.46913580200000005,-0.234776725,-0.196787149,0.648648649,-0.13003603,0.147428571,-0.29896574,0.03,-0.252216312,2,stocksTrain3
0.023809524,1.1395348840000001,-0.210640138,-0.094594595,0.014925373,0.671728972,-0.082809224,0.350769231,-0.362777778,-0.032397407999999996,-0.41704035899999997,2,stocksTrain3
-0.224742268,-0.061913696,-0.260048056,-0.308296296,-0.323757601,0.650332728,-0.170825688,0.274725275,-0.444897959,-0.109451307,-0.205365698,2,stocksTrain3
0.051640212000000005,0.211542289,0.152486911,0.0,-0.22161853,0.209118113,0.030717717000000002,0.177526502,-0.036715542999999996,-0.545943362,-0.318095238,2,stocksTrain3
0.06741573,0.590551181,-0.322563835,-0.053203883,-0.15836012900000002,0.216089804,-0.21864077699999998,0.145714286,-0.008312551999999999,-0.28810720300000003,-0.14084507,2,stocksTrain3
0.088888889,0.590208173,-0.278106509,-0.036363636,-0.035809524,-0.018518519,-0.08766355099999999,0.051546392,-0.19117647100000001,-0.187239264,0.12058394199999999,2,stocksTrain3
0.959361393,0.8282142859999999,-0.247524752,-0.467105263,0.411589896,0.436610169,-0.43859649100000003,-0.002487562,0.155546624,-0.326837607,-0.14366053199999998,2,stocksTrain3
0.094451004,0.20952735399999997,-0.191212121,-0.292618958,-0.427368421,0.19565217399999998,-0.162824207,-0.09638554199999999,0.212806026,-0.238875878,-0.247035573,2,stocksTrain3
1.41194487,0.7646490659999999,-0.521056265,-0.097645429,-0.340394449,0.71858217,-0.30952381,0.464641886,-0.143115942,-0.19658119699999999,-0.257731959,2,stocksTrain3
-0.180497199,0.649417853,-0.16396253800000002,-0.11886178900000001,0.011653718,0.27,0.054188593,0.43521594700000005,0.00402746,-0.221296632,-0.041882353,2,stocksTrain3
0.35135135100000003,0.10333333300000001,-0.187311178,-0.011857708,-0.018108652,0.049180327999999995,0.05,0.5810276679999999,-0.065274151,0.115714286,-0.384122919,2,stocksTrain3
0.31996916,0.055099648,-0.02,-0.56351427,-0.333333333,0.170909091,0.10619469,0.148293963,-0.099428571,0.12140992199999999,-0.027842227,2,stocksTrain3
0.1,0.5,-0.228400109,-0.059298246,0.08256880700000001,0.128923077,-0.270684932,0.165609847,0.111744223,0.134,-0.240490171,2,stocksTrain3
-0.188,-0.137931034,0.0,-0.14534883699999998,-0.501858736,1.233576642,0.128472222,-0.17230769199999998,-0.11971831,-0.083333333,-0.034334764,2,stocksTrain3
-0.055784314,0.404512821,-0.397306885,-0.112006737,-0.411973684,-0.478947368,-0.033237587,0.429180887,-0.306959284,-0.39254294100000003,-0.491525424,2,stocksTrain3
-0.267688148,0.10729613699999999,-0.028130171000000002,-0.271428571,-0.071879937,0.226333907,0.092511013,0.610169492,-0.10382978699999999,0.044761905,-0.261904762,2,stocksTrain3
0.279187817,0.97378768,-0.317295189,0.052093022999999995,-0.38548951,0.365384615,0.21878225,0.22445561100000003,-0.25862069,0.114259598,0.192371476,2,stocksTrain3
0.1484375,0.666666667,-0.152542373,-0.272349272,-0.038461537999999997,0.23,-0.09866666699999999,-0.06832298099999999,-0.206666667,0.050420168,-0.092741935,2,stocksTrain3
0.166666667,0.21359223300000002,0.333333333,-0.333333333,-0.11,-0.157303371,-0.12666666699999998,0.7361111109999999,0.09649122800000001,0.1,-0.101818182,2,stocksTrain3
0.454545455,0.133651551,-0.169474727,-0.29111111100000003,-0.4304,0.095360825,0.308235294,-0.054054054000000004,-0.18587360600000002,-0.129930394,-0.278215223,2,stocksTrain3
-0.025641026,0.271724138,0.085479452,0.230414747,-0.039092566,0.24413048,-0.12120709699999999,0.657536834,0.000221043,-0.373497997,-0.439313984,2,stocksTrain3
-0.060511540999999995,0.921976593,-0.209830508,0.122754491,-0.155547992,-0.015913978,0.096292948,0.085619285,0.024119448999999998,-0.10078681199999999,-0.059917355,2,stocksTrain3
0.125244618,0.48702422100000003,0.08200455599999999,0.14084507,-0.031594784,0.29879194600000003,-0.153402062,0.34375,-0.660545455,0.095868644,-0.23686770399999998,2,stocksTrain3
0.47636363600000003,0.8312807879999999,-0.217731421,-0.198098257,-0.363636364,0.663448276,-0.158367347,0.656526006,1.025473934,0.001164822,-0.277809633,2,stocksTrain3
-0.07503908299999999,0.110571429,0.509433962,-0.38983050799999996,-0.554794521,0.846153846,-0.319305277,-0.164878049,-0.13310962,-0.380175659,-0.026315789,2,stocksTrain3
0.6804470979999999,1.525293255,-0.684753218,-0.12380518900000001,-0.32154340800000003,0.495995632,-0.085965758,0.08418300699999999,-0.042384723,-0.143391813,-0.253521127,2,stocksTrain3
-0.108285714,0.734425566,-0.573277778,-0.471655329,-0.041666667000000004,0.9279999999999999,-0.012345678999999998,0.26984127,-0.066379656,0.013404826000000002,-0.22810118199999999,2,stocksTrain3
-0.065139585,0.36830102600000003,0.20078190399999998,-0.426900585,-0.147034931,0.666666667,0.0832,0.080731707,-0.10902085199999999,-0.086815111,-0.31048607300000003,2,stocksTrain3
-0.228877962,0.265306122,0.115164835,-0.25108395699999997,-0.276748971,0.557522124,-0.215296198,0.15324384800000002,-0.161029783,-0.295757576,-0.244255319,2,stocksTrain3
0.011742996,-0.15581283199999998,0.033250998,-0.321886792,-0.0234375,0.118378378,-0.171943497,0.635172037,-0.05,0.076761304,-0.25237939,2,stocksTrain3
0.03697644,0.852140078,-0.19166666699999999,-0.18331957100000001,-0.128227848,-0.147042254,-0.145929848,0.07930214099999999,-0.309428467,-0.033324854,-0.097580221,2,stocksTrain3
0.224137931,0.836150845,-0.062666667,-0.20571428600000002,-0.244897959,0.47808358799999995,-0.23417290699999999,0.129757785,-0.115384615,-0.103478261,-0.11024390199999999,2,stocksTrain3
-0.152460984,0.994978479,0.051291248,0.06741180599999999,-0.022712311000000002,0.27731092399999996,-0.434267241,0.391098485,-0.519471724,-0.13003901199999998,-0.402950311,2,stocksTrain3
-0.170635838,0.491901108,-0.139743835,-0.566666667,-0.188068756,0.034589253,-0.015384615,-0.036328872000000005,0.10800000000000001,0.022864019,-0.088850174,2,stocksTrain3
0.15511551199999998,0.071428571,-0.082010582,-0.20027816399999998,-0.234910277,0.7703862659999999,-0.16067146300000001,-0.115044248,0.064347826,-0.051612902999999995,-0.298932384,2,stocksTrain3
0.0,-0.107142857,-0.333089847,-0.419,-0.15666666699999998,0.28458498,-0.076923077,0.031666667,-0.20382165600000002,-0.342105263,-0.24702381,2,stocksTrain3
0.860824742,-0.13544668599999998,-0.228333333,-0.406047516,-0.022364217000000002,0.245098039,0.115485564,0.218097448,0.0,-0.12,-0.17351598199999999,2,stocksTrain3
0.214733542,0.015228426000000002,0.7208121829999999,0.833333333,-0.213576816,1.541904762,0.100560748,-0.282019265,-0.359018405,0.017282958,-0.486369024,2,stocksTrain3
-0.008706625,0.20768353,-0.021409922,-0.020560349,-0.17559715899999997,0.15847133800000002,0.17731129999999998,0.21334352899999998,-0.08966861599999999,-0.066829391,-0.298986175,2,stocksTrain3
-0.013157895,-0.193514276,-0.36434782600000004,-0.383409536,-0.142411642,0.43066516299999996,-0.21153846199999998,-0.04238921,-0.164878049,-0.17401392100000002,-0.39024390200000003,2,stocksTrain3
-0.043412034,0.41176470600000004,-0.014084507,-0.098475967,-0.12223667099999999,0.11395179,-0.11475409800000001,0.26814814800000003,-0.210153483,-0.126307922,-0.204643164,2,stocksTrain3
0.10987755099999999,0.28744445,-0.5608014570000001,-0.14263271,-0.163418576,0.30733995,-0.004802425999999999,0.059674810999999994,-0.241691359,-0.147046502,-0.368328076,2,stocksTrain3
-0.612436628,1.011365303,-0.06869258,-0.19435606100000002,-0.196154905,-0.18935174899999999,-0.018535106000000003,0.537106285,0.00201373,-0.121384158,-0.33888594200000005,2,stocksTrain3
0.11045715800000001,1.021604938,-0.36882716,-0.552418953,-0.25746587,0.9432663179999999,-0.448145455,-0.19590643300000002,-0.134584277,-0.10179640699999999,-0.216065292,2,stocksTrain3
-0.477683742,0.333675565,0.06807809299999999,-0.11006775199999999,-0.350288411,0.134444014,-0.08379215400000001,0.230221222,-0.37477231299999997,-0.185301205,-0.112903226,2,stocksTrain3
0.20252873600000001,0.5,-0.199850112,0.283770492,-0.367169811,0.162945554,-0.23641902199999998,-0.204982517,-0.282866379,0.083333333,-0.338526912,2,stocksTrain3
0.18564102600000001,0.14893617,-0.17073170699999998,-0.174502712,-0.299670692,0.2608,-0.024516128999999998,0.123847167,-0.036951501,0.073085847,0.138157895,2,stocksTrain3
0.25,0.265389877,-0.08,-0.232585596,-0.290909091,0.13008130099999998,-0.148381295,0.360084477,-0.004594181,-0.115384615,-0.182444062,2,stocksTrain3
0.5837083710000001,0.033031358999999996,-0.088679745,0.090704225,-0.11325,-0.051369862999999995,-0.643408636,0.327510917,-0.472450176,-0.275897436,-0.26152737800000003,2,stocksTrain3
0.225490196,0.934383202,-0.020645161000000002,-0.319948187,-0.097391304,0.14285714300000002,-0.061056106,0.219683656,0.080691643,0.379310345,-0.307286167,2,stocksTrain3
0.062753036,0.369702435,-0.08556499,-0.094691535,-0.145136778,0.142355009,0.06951871700000001,0.359272727,0.03362256,-0.106680476,-0.053530752,2,stocksTrain3
0.027146001,0.603982301,-0.18615314100000002,-0.229556075,-0.21570066,0.19909090899999998,-0.248685199,0.26829268300000003,-0.081061693,0.155279503,-0.13736263699999998,2,stocksTrain3
0.106610879,0.22127475100000002,-0.317904135,0.073296628,-0.371968504,0.834146341,-0.165447533,0.003338102,0.12674271199999998,0.068408484,-0.046320805,2,stocksTrain3
0.333661972,0.100346021,-0.481132075,0.081802689,0.035050824,0.084832033,-0.12992126,0.309428467,-0.11069908,-0.013447433,-0.24,2,stocksTrain3
0.6745112240000001,0.38637837799999997,0.0234375,0.0175,-0.106060606,0.28634361199999997,-0.530821918,-0.055428570999999996,-0.07518797,-0.012561983,-0.080157687,2,stocksTrain3
0.105132743,0.24963982699999998,-0.7129936309999999,0.015268865,-0.311173065,0.115407496,-0.225165563,0.01894452,-0.31769306,-0.103607771,-0.178082192,2,stocksTrain3
0.071861291,0.347851113,-0.043250883,-0.010863183,-0.10972680900000001,0.149509396,-0.210359712,0.41909621,-0.309835645,-0.46282664700000004,-0.371406959,2,stocksTrain3
0.148963731,0.882222222,1.029028436,-0.295361127,-0.215035699,0.34264232,0.5515695070000001,0.240770465,0.320612333,0.047447644000000004,-0.375,2,stocksTrain3
0.008378378,0.96488877,-0.583450479,-0.39264962200000003,-0.029411765,0.312601156,0.092511013,-0.131383323,-0.041389505,-0.23245614,-0.249937888,2,stocksTrain3
0.108482299,0.7201492540000001,-0.172413793,-0.069892473,-0.27917232,-0.349213483,0.142661493,0.544242424,-0.141025641,-0.32016226,-0.33325603,2,stocksTrain3
0.065562766,0.44321271700000003,-0.112472325,-0.467811159,-0.095796676,-0.2,-0.070434783,0.35767441899999997,-0.5172649570000001,-0.172413793,-0.056374675,2,stocksTrain3
0.141176471,0.00528026,0.028025995,-0.086991221,0.12087912099999999,0.5050980389999999,-0.085859873,0.089230769,0.24323627899999997,-0.446666667,-0.10579819300000001,2,stocksTrain3
0.164502165,0.126436782,0.209059233,-0.148876404,-0.051118211,0.436666667,-0.058823529000000006,0.162790698,0.394144144,-0.13452188,-0.192727273,2,stocksTrain3
-0.16264150900000002,0.30726257,-0.044978541,-0.483178239,-0.17314022399999998,0.615355378,0.100047192,0.22459893,-0.21286789899999997,-0.130095403,-0.325842697,2,stocksTrain3
-0.06302158299999999,0.386772326,0.103825137,-0.052992142,-0.141673932,0.003076923,-0.351441813,0.383766745,-0.22038724399999998,-0.287872917,-0.18004338399999997,2,stocksTrain3
0.621923937,1.0453257790000001,0.176167582,-0.15681752699999998,-0.250692521,0.56045977,-0.0312957,0.28030303,-0.09903096199999999,0.049317942999999996,-0.37486992700000005,2,stocksTrain3
0.938585608,-0.29408,-0.306818182,-0.370793651,0.079489696,0.248201439,-0.054545455,-0.023846153999999998,0.318392581,-0.253949678,-0.248407643,2,stocksTrain3
-0.196200078,0.545147272,0.235294118,0.107833002,-0.502206406,0.22305555600000002,-0.104395604,0.0,-0.444108761,-0.236263736,-0.070247934,2,stocksTrain3
0.057160937,0.333000798,0.055712375999999994,-0.060724638,-0.023098245,0.060568217,-0.029385836000000002,0.339392088,-0.088498584,-0.181358025,-0.212355212,2,stocksTrain3
0.396406149,1.3769230769999998,-0.611290323,0.08310901700000001,0.21935384100000002,0.87966489,-0.083689803,0.059215508,-0.39331366799999995,0.34831460700000005,-0.414153229,2,stocksTrain3
0.320261438,0.7080745340000001,-0.4,-0.306916427,0.303854875,0.258175559,0.016129031999999998,0.074074074,-0.157641396,-0.117052023,-0.19217687100000003,2,stocksTrain3
-0.086538462,0.541666667,-0.37900641,-0.09110350699999999,-0.017113784,0.6781500709999999,-0.087428571,0.293125,0.099975556,-0.126071267,-0.250064516,2,stocksTrain3
0.554754098,1.2494025020000001,-0.15492957699999998,-0.098066914,0.119306996,0.894161228,-0.129491284,0.59,0.007655321,-0.300202218,-0.47280799100000004,2,stocksTrain3
0.095686275,0.581773225,-0.233870968,0.010656371000000001,-0.095823096,0.282438943,-0.05787781400000001,0.105277701,-0.112426036,-0.349610462,-0.085365854,2,stocksTrain3
-0.351179487,0.46225826600000003,0.063829787,-0.278660287,-0.22996606600000002,0.041579315,-0.10902381800000001,0.159645233,0.125,-0.16110955400000002,-0.434503714,2,stocksTrain3
0.362873134,0.7325462009999999,-0.293838863,-0.18578947399999998,0.16399999999999998,0.34397351,-0.1881,-0.37654321,0.11378901599999999,-0.139422245,-0.22613065300000001,2,stocksTrain3
-0.173076923,0.48700000000000004,-0.193548387,-0.198333333,-0.069838057,0.338378378,-0.14,0.209302326,0.0,-0.215686275,-0.16839916800000002,2,stocksTrain3
0.327784891,2.1157184190000002,-0.473684211,-0.41432396299999996,-0.405405405,0.843333333,-0.17244444399999997,0.054824560999999994,-0.270623742,-0.226173542,-0.105461394,2,stocksTrain3
-0.212364323,-0.0330506,-0.119076923,-0.308071907,-0.583249749,0.099881094,0.003177966,0.289473684,-0.21236133100000001,-0.097291876,-0.40202702700000004,2,stocksTrain3
0.048018293,1.014074074,-0.44855364299999995,-0.136786189,-0.048627450999999995,1.076863354,0.066037736,0.5559071729999999,0.272727273,-0.238501154,-0.063557274,2,stocksTrain3
-0.17868338600000003,0.149659864,0.156549521,0.289693593,-0.082073434,0.75,0.214285714,0.044083527000000004,0.332622601,-0.218949045,-0.25,2,stocksTrain3
0.11682243,0.81281214,-0.562747688,-0.053507424000000005,-0.156078431,0.194716533,0.076567574,0.37549964700000005,0.062562563,-0.08419270400000001,-0.5752258060000001,2,stocksTrain3
-0.15327381,0.491258741,0.28231884100000004,-0.239574468,-0.03469502,0.5211428570000001,-0.214285714,0.24289772699999998,0.020550459,-0.42551675,-0.44977019,2,stocksTrain3
0.245194805,0.216312057,-0.052711351,-0.085511111,-0.10998241800000001,0.197802198,-0.100456621,0.068426396,0.042976744000000004,-0.225225225,-0.17443787,2,stocksTrain3
0.219512195,0.230675147,-0.072815534,-0.08808290199999999,-0.10931818199999999,0.217948718,-0.111789474,0.048826735999999996,0.041777778,-0.22372372399999998,-0.14084507,2,stocksTrain3
0.090909091,0.7380191690000001,0.038817006,-0.2421875,-0.193298969,0.418530351,-0.257990868,0.22115384600000002,-0.065616798,-0.248618785,-0.404411765,2,stocksTrain3
0.526315789,0.6254876460000001,-0.4424,-0.407608696,-0.329501916,0.7761836440000001,-0.1296,0.709677419,-0.08271237,-0.405940594,-0.042407661,2,stocksTrain3
0.6990291259999999,1.8952802359999998,-0.514042126,-0.41025641,-0.45565217399999997,0.380813953,-0.132631579,0.971764706,-0.227833895,-0.455714286,-0.34933333299999997,2,stocksTrain3
-0.060220105999999995,0.21131578899999998,-0.07918968700000001,0.00887574,-0.005882353000000001,0.091165414,-0.119495511,0.175163875,-0.44051150899999997,-0.033059361,-0.148325359,2,stocksTrain3
-0.599181512,0.448780488,0.058440677999999996,0.016789621,-0.100162764,0.136867731,-0.073101578,0.20946934399999997,-0.145878525,-0.5862068970000001,-0.192319415,2,stocksTrain3
0.25188916899999997,1.895768834,-0.303571429,-0.293236964,-0.264,1.531634446,0.16974555600000002,0.503157895,0.398322014,0.034185579,-0.22593103399999998,2,stocksTrain3
0.875,0.539978094,0.046841732000000004,-0.34666666700000004,-0.35135135100000003,0.328333333,-0.060150376,0.796791444,-0.222222222,-0.24380952399999997,-0.311827957,2,stocksTrain3
0.018181818,0.147142857,-0.172648515,-0.4870317,0.23119015,0.166666667,-0.053030303,0.218461538,-0.203333333,-0.41737288100000003,-0.272727273,2,stocksTrain3
0.289244186,0.428399519,-0.209772536,-0.067164179,0.152222222,0.325940212,-0.042682927,0.007182761,0.014615385,-0.28754717,-0.27536231899999997,2,stocksTrain3
0.132222222,1.3263414629999999,-0.37494736799999995,-0.163697479,-0.247524752,0.102564103,-0.112494237,0.287832311,-0.2248,0.26028806600000004,-0.310945274,2,stocksTrain3
-0.334418605,0.348965517,0.199036145,-0.270612245,-0.16225352099999998,0.9793333329999999,-0.112961622,0.036666667,-0.11084240199999999,-0.213764813,-0.443380282,2,stocksTrain3
-0.157142857,-0.12036108300000001,0.073736222,0.6369230770000001,-0.155,0.40290425799999996,-0.207192982,0.442736185,-0.161024433,-0.508648649,-0.37191582,2,stocksTrain3
0.104761905,-0.041795135,0.352951125,-0.18450232100000002,-0.409386617,-0.01809253,-0.38527575399999997,0.07939658599999999,-0.56097561,-0.523217247,-0.565217391,2,stocksTrain3
-0.008403361,0.10014560800000001,0.067375887,-0.517985612,-0.221704975,0.420560748,-0.201045752,-0.09120415400000001,-0.194944598,-0.269686706,-0.397243859,2,stocksTrain3
0.166,2.166962025,-0.672839506,0.25308642,0.034640016,0.48939051899999997,-0.267202806,-0.393842718,0.477439922,0.11351084,-0.405769231,2,stocksTrain3
0.151978417,0.843137255,-0.48096885799999994,-0.36642857100000004,-0.32666666699999997,-0.207606973,-0.062618596,-0.120481928,0.46846846799999997,-0.19407407399999999,-0.24084778399999998,2,stocksTrain3
0.210354668,0.62786627,-0.25133689800000003,-0.349271467,-0.780210526,0.340545626,0.427061311,0.479438315,-0.147561354,-0.10764769800000001,-0.046666667,2,stocksTrain3
-0.048234552,0.8388932809999999,-0.332462278,-0.009514271,0.060694005999999995,0.106941176,0.043105344000000004,0.20682989699999998,0.187832565,-0.037037037,-0.480724927,2,stocksTrain3
0.046594134,0.002658985,-0.285529437,-0.29850746300000003,-0.179655455,0.322,-0.03030303,-0.17188823,0.044852192,-0.30626780600000003,-0.299285714,2,stocksTrain3
0.04494382,0.212843643,0.17911504399999997,0.160909091,0.079090204,0.33035083600000004,0.0038263040000000004,0.36379659799999997,-0.11808856599999999,-0.071007661,-0.329913964,2,stocksTrain3
0.15522703300000001,0.32179132,0.205634715,-0.10828370300000001,-0.22717557300000002,0.738583997,-0.32951836,0.10324172,-0.156838143,-0.109461967,-0.33732364299999995,2,stocksTrain3
0.089778422,0.045319183,0.0021648220000000003,-0.027865032,-0.218112245,0.1105625,0.09807365400000001,0.23076923100000002,-0.103125,-0.22471755899999998,-0.437865854,2,stocksTrain3
-0.207686622,0.393563218,-0.323482172,-0.589537223,0.279181709,-0.010791367,-0.08842297199999999,0.34879032299999996,-0.1884273,0.100089366,-0.100969305,2,stocksTrain3
-0.244784136,0.41102961200000004,-0.516908213,-0.103271581,0.0056228369999999995,-0.00254022,-0.19340016699999998,-0.119627136,-0.182883939,-0.033788641,-0.10619469,2,stocksTrain3
0.073232323,0.865384615,-0.315555556,-0.032239493,-0.036214953,0.272727273,0.042439024000000006,0.032470587999999995,0.207272727,0.18733409199999998,0.162857143,2,stocksTrain3
-0.06557377,0.142756681,-0.048387097000000004,-0.131559497,0.327797203,0.695462185,-0.0812,-0.060773481,0.166545455,0.15615927,-0.295964126,2,stocksTrain3
0.292113323,0.247731397,-0.145149701,0.233576642,-0.076590909,0.663405088,-0.210369487,0.37037037,-0.49304899399999996,-0.331145886,-0.342869163,2,stocksTrain3
0.320102433,0.401373896,-0.247775009,-0.069227122,-0.088607595,-0.1003861,0.046153846,0.029850746,-0.08914285699999999,-0.003722084,-0.106022585,2,stocksTrain3
0.28438949,0.37244284,0.387674825,-0.08870967699999999,-0.144377439,0.1875,-0.124912281,0.259735046,0.10227637099999999,-0.18279569899999998,-0.18553459100000003,2,stocksTrain3
-0.296707504,-0.081081081,-0.029205607,-0.352121212,-0.333021515,0.28726287300000003,-0.17831074,0.225806452,-0.16864864899999998,-0.23857868,-0.311666667,2,stocksTrain3
0.275741935,0.544247788,-0.17575757600000003,0.044930875999999995,0.04369863,0.13725490199999998,-0.729619565,0.013370119,-0.023419689,-0.092210526,-0.20770288899999997,2,stocksTrain3
-0.070612543,-0.004022218,-0.14779874199999998,-0.237070277,-0.5320952379999999,0.311234617,0.138447433,0.497163963,-0.256568387,0.076555024,-0.148537766,2,stocksTrain3
0.12751020400000002,0.034492754,-0.241175663,0.006704113,-0.13380531,0.565930727,-0.131787032,0.04915710400000001,-0.080555195,-0.306318873,-0.135209604,2,stocksTrain3
-0.067574592,0.192337764,-0.48951049,-0.12081284199999999,-0.131906005,0.09684235199999999,-0.04342246,0.131499833,-0.138349515,-0.09473684199999999,-0.21578881800000002,2,stocksTrain3
-0.08478755699999999,0.155339806,-0.075819672,-0.34315092399999997,-0.015505784,0.338327695,-0.149568035,0.085365854,0.18034967699999999,-0.28306531,-0.366494603,2,stocksTrain3
0.4,0.31707317100000004,0.132145509,-0.319344262,-0.275,0.051893407999999995,0.025333333,0.237127371,-0.25,0.026206897000000003,0.024516128999999998,2,stocksTrain3
-0.10586552199999999,0.37715517200000004,0.225297213,-0.5458536589999999,-0.177894737,0.5,-0.22802653399999998,-0.080558539,0.221714286,-0.16636528,0.095890411,2,stocksTrain3
0.43604651200000005,0.428571429,0.203966006,-0.515463918,0.155,-0.025974026,0.399122807,-0.04,-0.076923077,-0.215434084,-0.18487395,2,stocksTrain3
0.166666667,1.1484375,0.13636363599999998,0.23809523800000001,0.19512195100000002,-0.18367346899999998,-0.256410256,-0.137931034,0.05799373,-0.111111111,-0.039215686,2,stocksTrain3
-0.12163452400000001,0.389078498,-0.411720055,-0.30322580600000004,-0.379285714,0.514285714,0.218548081,0.005558987,-0.076923077,-0.24600000000000002,-0.186222222,2,stocksTrain3
0.811346548,0.247857143,-0.163120567,-0.358333333,0.022278481,0.44578313299999994,-0.103728814,-0.201336675,0.006820567,0.003126628,-0.161052632,2,stocksTrain3
-0.06671721,3.696591854,-0.471009306,-0.027910143,-0.288159273,0.255157895,-0.032413792999999996,0.26300784,-0.08422234699999999,-0.17387276100000001,-0.06661562,2,stocksTrain3
0.0,-0.089605735,0.112676056,0.014857143,-0.09909909900000001,0.859778598,0.04865557,0.176615385,0.029181866,-0.08666666699999999,-0.136465324,2,stocksTrain3
-0.08256880700000001,0.416430595,0.093439364,0.166360294,0.014839241999999999,0.297253635,-0.055415617,0.049655172000000004,0.11666666699999999,-0.163714111,-0.095690285,2,stocksTrain3
0.449494949,1.4483985769999999,0.052857142999999995,-0.082865169,-0.298461538,0.0,-0.15415019800000002,0.49172576799999995,-0.128526646,-0.079136691,-0.14453125,2,stocksTrain3
0.437699681,1.877192982,-0.28422619,-0.36842105299999994,-0.31838565,0.35637149,-0.101105845,0.35241502700000005,-0.058201058,0.0,-0.36128048799999996,2,stocksTrain3
-0.047272727,0.3203125,0.418530351,-0.362811791,-0.39024390200000003,-0.029126213999999997,-0.015,0.14893617,-0.150485437,0.074285714,-0.36702127700000003,2,stocksTrain3
0.046699875,0.24186871699999998,0.38888888899999996,-0.35897435899999997,-0.18666666699999998,-0.029430182000000003,0.099206349,0.42060606100000003,-0.24334140399999998,-0.470338983,-0.11900000000000001,2,stocksTrain3
0.289215686,0.996309963,-0.287625418,-0.5914247260000001,-0.295469468,0.231292517,0.23947849999999998,0.380091324,0.28,0.025641026,-0.325586221,2,stocksTrain3
0.06943268400000001,0.21773555,0.072258065,-0.12394705199999999,-0.10344827599999999,0.183076923,0.072821847,0.7337662340000001,0.193735104,-0.117944147,-0.30564102600000004,2,stocksTrain3
0.076857143,2.995099338,-0.058353317,-0.19298245600000002,-0.280612245,-0.440217391,-0.304327197,0.10020202,-0.040243161,-0.43200202200000004,-0.21673469399999998,2,stocksTrain3
0.23087818699999998,0.5459704879999999,-0.123447772,-0.0575,0.066312997,0.031353135,0.0,0.18858954,-0.338624339,-0.06286266900000001,-0.1,2,stocksTrain3
0.294733779,0.019887006000000002,-0.0013315579999999998,-0.316381638,-0.25262812100000004,0.666666667,-0.022928609,0.058761249,-0.18439024399999998,0.181818182,-0.355396066,2,stocksTrain3
-0.008666667,0.7550620509999999,-0.24487594399999998,-0.154761905,0.268405797,0.020869565,0.021626298,0.020458265,-0.00955414,-0.255102041,-0.33783783799999995,2,stocksTrain3
0.03697644,0.852140078,-0.19166666699999999,-0.18331957100000001,-0.128227848,-0.147042254,-0.145929848,0.07930214099999999,-0.309428467,-0.033324854,-0.097580221,2,stocksTrain3
0.04332841,-0.111111111,-0.059602649,-0.014285714,-0.208633094,0.420014609,-0.038090401,0.5823653639999999,-0.118560106,-0.095815187,0.018097643,2,stocksTrain3
0.053254438,0.252906977,0.030162413,-0.201856148,-0.125714286,0.431372549,-0.07192575400000001,-0.19035533,0.26282051300000003,-0.205128205,0.081967213,2,stocksTrain3
0.362236358,0.163636364,0.014851485,-0.212790925,0.05769697,0.182315406,0.055319969000000004,0.041474654,-0.11,0.19771428600000002,-0.245201853,2,stocksTrain3
-0.258,0.413602941,-0.180422265,-0.294469357,-0.209351753,-0.051490515,0.0,0.283286119,-0.17196057,-0.17328042300000002,-0.25732899,2,stocksTrain3
0.062535776,0.333333333,-0.287363184,-0.443704936,-0.16854968899999997,1.625131996,0.044334975,-0.296650718,-0.3384,-0.545981453,-0.445217391,2,stocksTrain3
0.112996606,0.418217609,-0.078461538,-0.11936680000000001,-0.473439255,0.298994209,0.080128205,0.313126709,0.001892636,-0.20559945,-0.25,2,stocksTrain3
-0.018192319,0.29132473600000003,0.028238457999999998,0.032432432000000004,-0.12375,0.141226819,-0.056100683,0.158645276,-0.090943975,0.048541667000000004,-0.355577889,2,stocksTrain3
0.709259874,0.067961165,-0.20516129,-0.207308335,-0.147058824,0.44440678,-0.00587406,-0.12411514900000001,0.167384284,0.08958670099999999,-0.33319167,2,stocksTrain3
0.156515035,0.037344398,0.01730983,0.06546875,-0.203571429,0.36352291,0.04305411,0.471304348,-0.637067587,-0.260660248,-0.290885585,2,stocksTrain3
0.606425703,0.778154107,-0.6244838979999999,0.069333333,-0.330344502,0.19875346300000002,-0.22038724399999998,-0.086545455,0.0,0.004615385,-0.114006515,2,stocksTrain3
0.705882353,0.841121495,0.38539042799999995,-0.47406082299999996,-0.120915033,0.067615658,-0.033557047,0.128472222,-0.214285714,-0.19205298,-0.147186147,2,stocksTrain3
0.42734623899999996,0.577204601,-0.261828255,-0.14184397199999998,-0.028225806000000003,0.39777777799999997,0.015332397,-0.125057471,-0.6268168129999999,-0.48034782600000003,0.137931034,2,stocksTrain3
-0.0059134769999999994,0.011603053,-0.046731651,-0.031176471,-0.388192108,0.449924509,0.043478261,0.138576779,-0.42279184700000005,-0.318910256,0.251552795,2,stocksTrain3
0.258701787,0.162929746,-0.22033898300000002,-0.085454545,-0.017892644,0.345508391,-0.008888889,0.316890882,-0.088535755,-0.229140722,-0.07298136599999999,2,stocksTrain3
0.14746988,0.125,-0.25233644899999996,-0.049850449000000005,-0.228556485,0.042711864,-0.109032258,0.113685735,-0.08451612900000001,0.0,-0.163179916,2,stocksTrain3
0.14,0.521929825,-0.115714286,-0.17285945100000003,-0.128252788,0.06695464400000001,-0.38524590200000003,0.182320442,-0.117647059,-0.538251366,-0.041420118,2,stocksTrain3
0.362068966,1.445339471,0.078651685,-0.403537639,-0.38579017299999996,-0.048353909,0.025586354,-0.065263158,-0.042923434,-0.37684729100000003,-0.120481928,2,stocksTrain3
-0.07,0.6030980189999999,0.168063241,0.318101933,-0.26119403,0.137722237,-0.31082997100000004,-0.480772274,-0.192935589,-0.19096728300000002,-0.446749654,2,stocksTrain3
0.22354497399999998,0.166666667,-0.301172227,0.007802341,-0.21113989600000002,0.098522167,-0.028148147999999998,0.041481481,-0.23937677100000002,-0.249537893,-0.168224299,2,stocksTrain3
0.429333333,0.407085714,-0.221158527,-0.312512969,-0.287051011,0.522469551,-0.22563529699999998,-0.291981302,-0.0405,-0.329864724,0.337712519,2,stocksTrain3
0.156,0.119896863,0.11663551400000001,0.0,-0.08853831300000001,0.729181005,-0.21890547300000002,0.188205128,0.087885986,-0.43668122299999995,-0.31512605,2,stocksTrain3
-0.16004887,0.41740413,-0.19228765,-0.11460957199999999,-0.266247379,0.267050913,-0.23735119,0.342967245,-0.186344239,-0.07079646,-0.298336798,2,stocksTrain3
0.440736281,0.738802395,-0.35069373200000004,-0.47405684200000003,-0.09792401099999999,-0.09154639199999999,-0.23253717899999998,0.44610091700000004,-0.328072598,0.143348624,-0.186368477,2,stocksTrain3
-0.173546757,0.438284519,-0.245714286,0.12405303,0.245393635,0.668869795,-0.16332940699999998,-0.27502338600000004,-0.03101737,-0.146586345,-0.17096018699999999,2,stocksTrain3
0.100719424,0.593333333,0.012793177,-0.325431034,-0.060702875,0.06462585,0.386075949,0.030162413,0.15207373300000002,-0.044265594000000005,-0.145263158,2,stocksTrain3
0.645768025,0.31213872800000003,-0.206489676,-0.091476091,0.077669903,0.33495145600000004,-0.18382352899999999,0.084474886,0.0,-0.38524590200000003,0.12666666699999998,2,stocksTrain3
0.645768025,0.31213872800000003,-0.206489676,-0.091476091,0.077669903,0.33495145600000004,-0.18382352899999999,0.084474886,0.0,-0.38524590200000003,0.12666666699999998,2,stocksTrain3
0.223915592,0.18016194300000002,-0.102941176,0.05528613,0.085009141,0.617021277,-0.093447905,0.194029851,-0.029000518,-0.14026666699999998,-0.118387909,2,stocksTrain3
0.104070796,0.37932143399999996,-0.214212504,0.016871604,0.116168668,0.625,-0.28151079100000004,-0.01353166,0.185938162,-0.013905895,-0.20179372199999998,2,stocksTrain3
0.025,-0.048780488,0.034102307000000005,0.012048193,-0.225272125,0.6,-0.0748852,-0.054982817999999996,0.03030303,-0.059713376,-0.17442845,2,stocksTrain3
0.062753036,0.48837209299999995,-0.179094965,-0.24071428600000003,0.140318054,0.2952,-0.038461537999999997,0.20129032300000002,0.165871754,-0.45507375899999997,-0.134377576,2,stocksTrain3
0.063793103,-0.171881914,-0.40126359100000003,0.127341772,-0.37318309899999996,0.757868852,-0.030588235,-0.00361646,-0.17619512199999998,-0.258823529,-0.433573298,2,stocksTrain3
-0.018379282,0.804713805,-0.23404255300000001,-0.25862069,-0.486013986,0.333333333,-0.125,0.074074074,-0.015277778,-0.36530324399999997,-0.24888888899999997,2,stocksTrain3
-0.09638554199999999,0.032615385,-0.057687075,-0.48942857100000003,0.056161395999999995,0.77484787,-0.364550417,0.112033195,-0.196517413,-0.313715187,-0.293353705,2,stocksTrain3
0.049230769,1.13427269,-0.304608468,-0.068157614,-0.054712117000000005,0.45765275299999997,-0.186528497,0.017778923000000002,-0.17552658,0.105073551,-0.14340978199999999,2,stocksTrain3
0.637464789,0.745689655,-0.477162869,0.181102362,0.00469697,0.957453095,-0.21545474899999997,0.131704835,0.217631579,-0.31607142899999996,-0.538924731,2,stocksTrain3
0.968503937,0.162055336,-0.176666667,-0.159663866,0.01010101,0.03,0.02739726,0.417777778,-0.076923077,-0.313333333,0.0,2,stocksTrain3
0.257731959,0.448497854,-0.185185185,0.0,0.05,-0.024163569,-0.023715415,0.16396761099999999,0.086956522,-0.004975124,0.0,2,stocksTrain3
0.226692836,0.045489590999999996,-0.24677187899999997,-0.109268293,-0.113856069,0.090909091,-0.10242872199999999,0.39498806700000005,-0.22529313199999998,-0.087420043,-0.368,2,stocksTrain3
-0.302608696,0.57439734,-0.09066947800000001,-0.079571106,-0.02238806,-0.058787879,0.0,0.04384,-0.241263029,0.131267835,-0.311664861,2,stocksTrain3
-0.044689119000000006,0.705922396,-0.045034178,-0.018333333,-0.063829787,0.005274725,0.08956521699999999,0.127597672,0.038545455,0.216736695,0.0,2,stocksTrain3
-0.06955871400000001,0.015510204,0.049920760999999994,-0.266768293,-0.058212058,0.215646941,-0.18457752300000002,0.421538462,-0.098995696,0.002417405,-0.196517413,2,stocksTrain3
0.895595432,0.14762741699999998,0.074443592,-0.336455894,-0.129930394,0.488095238,-0.039320822000000005,0.15913371,-0.182778229,-0.062,-0.27777777800000003,2,stocksTrain3
0.120954619,0.572580645,-0.2225,-0.26413128399999997,0.131541726,0.6868482490000001,-0.09468822199999999,-0.11877551,0.021271622,-0.396298804,-0.09559372699999999,2,stocksTrain3
0.27777777800000003,0.387130435,-0.04336989,-0.055064935,-0.020798669,0.292238722,-0.10325739800000001,0.16071428599999998,-0.14631245,-0.29221226699999997,0.034538938,2,stocksTrain3
0.161481481,0.48633484200000004,-0.238056013,-0.154829932,-0.27710843399999996,0.614147201,0.08054335900000001,0.165712799,0.18235425,-0.38986175100000003,-0.505846154,2,stocksTrain3
0.26478318,0.514358974,-0.492424242,-0.435382685,0.013333333000000001,-0.012820513,-0.188716925,0.513279802,0.027391822000000003,-0.191400304,-0.278375734,2,stocksTrain3
-0.114911081,0.495341615,-0.114871795,-0.183529412,0.008645533,0.201538462,-0.15862944199999998,0.148148148,0.016774194,-0.051833122999999995,-0.24327957,2,stocksTrain3
0.5447154470000001,0.38306968799999996,-0.324926505,-0.241264927,-0.442941176,0.13128205099999998,-0.304308797,0.134627426,-0.174794521,-0.13790932,-0.26899696,2,stocksTrain3
-0.205024631,0.5574981529999999,-0.40792079200000003,-0.056717428,-0.059861110999999995,0.268688902,-0.0932,0.26273015899999996,0.014067584,-0.361146065,-0.326679612,2,stocksTrain3
0.15492957699999998,0.7794658170000001,-0.43260606100000004,0.08990404699999999,0.403762113,0.41449664399999997,-0.067770798,-0.127936801,-0.050561798,0.065575647,-0.397130219,2,stocksTrain3
0.280754717,0.163658064,-0.078341014,-0.321299116,-0.20142857100000003,0.409090909,-0.076837001,0.1976,-0.285212392,-0.060230671,-0.422857143,2,stocksTrain3
0.42545668799999997,0.19983484699999998,0.092360515,0.052755166,-0.298057109,0.285246573,-0.22810364,0.154141414,-0.354482759,-0.394258625,-0.18561797800000002,2,stocksTrain3
0.403076923,0.260964912,0.393939394,-0.403341289,0.148221344,0.200692042,-0.290560472,0.079002079,-0.15,-0.224343675,-0.36956521700000006,2,stocksTrain3
0.35860655700000005,0.49924585200000005,0.496981891,-0.092881356,-0.286944046,0.284412955,-0.096366509,0.414677277,-0.25,-0.203333333,-0.24400417100000002,2,stocksTrain3
0.975051975,0.317061382,-0.40776699,-0.40399999999999997,-0.055187638,0.380897583,0.181276596,0.348298335,-0.31306666699999997,-0.25,-0.38799999999999996,2,stocksTrain3
-0.045682102999999995,0.7382301659999999,0.0007250760000000001,-0.10605321,0.016695606,0.065290323,-0.081160485,0.17628374800000002,-0.053295002,-0.191698282,-0.431321085,2,stocksTrain3
0.378688525,0.444043321,-0.110720562,0.130434783,-0.062727273,-0.120540019,0.013057671000000002,0.061810155,-0.097007224,-0.228571429,-0.11711711699999999,2,stocksTrain3
0.093439364,0.664545455,0.293218976,-0.463157895,0.246019712,1.680342385,-0.176847069,0.089038277,0.07116473799999999,-0.424418605,-0.41940858,2,stocksTrain3
0.042841037,0.156692057,-0.142325581,-0.123620309,-0.107142857,0.276276276,-0.029205607,-0.044524669,0.01285347,-0.051833122999999995,-0.490813648,2,stocksTrain3
-0.27008000000000004,0.090909091,-0.024935065,-0.10821428599999999,-0.215,0.6181595089999999,-0.331363636,0.400634489,-0.20731707300000002,0.027043638999999998,-0.44828312600000003,2,stocksTrain3
0.0,0.445578231,-0.152954809,-0.333333333,-0.168032787,0.02739726,-0.06888888900000001,0.61097852,-0.028148147999999998,-0.333333333,-0.055555556,2,stocksTrain3
0.890756303,0.24888888899999997,-0.144128114,0.068230277,0.295918367,0.1484375,0.14285714300000002,0.709219858,0.006802720999999999,0.132885906,0.118553646,2,stocksTrain3
0.1208577,0.587826087,-0.006666666999999999,-0.049217002,0.147058824,0.34639175299999997,-0.009683099,0.030195382000000003,-0.090909091,0.0,0.223404255,2,stocksTrain3
0.6,0.803030303,-0.49166666700000006,0.023536896,0.080845771,0.10580793599999999,-0.113904566,-0.122756225,-0.003311258,0.162162162,0.27164685899999996,2,stocksTrain3
0.01010101,0.36,-0.111587983,-0.004878049000000001,0.041666667000000004,0.413612565,-0.15185185199999998,0.086956522,-0.157088123,0.028169014,-0.023041475,2,stocksTrain3
0.7100271,0.23214285699999998,0.496221662,0.26603935,-0.236666667,0.6967799640000001,0.008479067,0.080949811,0.13960396,0.200684638,0.012544803,2,stocksTrain3
-0.187432286,-0.24242424199999998,-0.11599297,-0.065606362,-0.006342495,0.855670103,-0.082857143,-0.12836767,-0.190751445,-0.229116945,-0.026946108,2,stocksTrain3
0.28524046399999997,0.24137931,-0.07150715099999999,0.015402843999999999,0.154025671,0.31445905,0.010928962,0.081538462,-0.073426573,-0.077677225,0.022875817000000003,2,stocksTrain3
0.0,0.797169811,-0.023809524,-0.09631728,0.097178683,0.014084507,-0.1,0.015873016,0.0,0.312101911,0.0625,2,stocksTrain3
0.859649123,0.67,-0.301242236,-0.117647059,0.0,-0.013333333000000001,-0.040540541,0.402777778,-0.094594595,0.208955224,-0.019354839,2,stocksTrain3
0.282937365,0.122349103,-0.279538905,-0.083503055,0.057446809,0.622789784,0.002421308,0.083333333,-0.012074643000000001,0.01011236,0.029411765,2,stocksTrain3
0.23162217699999998,0.276206897,0.01300813,0.027473993,-0.060228453,0.24198895,-0.11162997599999999,-0.039576506000000004,-0.014705882,0.0027100270000000003,-0.096091205,2,stocksTrain3
0.083438685,0.032520325,-0.12794612800000002,-0.33933162,-0.105788423,0.17073170699999998,-0.362745098,0.46666666700000003,-0.00209205,0.08842105300000001,-0.190751445,2,stocksTrain3
-0.002409639,0.026894866,-0.011904762,0.111111111,-0.002123142,1.185501066,-0.02955665,0.0,-0.070121951,-0.003314917,0.5798226160000001,2,stocksTrain3
-0.023622047,2.170731707,0.029487179,-0.022304833,0.15877080699999999,0.185555556,0.023041475,0.030630631000000002,0.039473684,0.026405451,-0.09212730300000001,2,stocksTrain3
-0.056390977,0.524390244,-0.078947368,-0.06,0.034920635,0.158536585,0.056300268,0.03,0.034739453999999996,0.23501199,-0.00990099,2,stocksTrain3
0.007556675,-0.0875,0.068090788,0.43125,-0.074235808,0.971014493,0.528358209,0.314850843,-0.589555556,0.35023309999999996,0.154005812,2,stocksTrain3
0.273333333,0.183246073,-0.143646409,0.4,-0.09,1.459459459,0.48,0.126062323,-0.012658228,-0.08447205,-0.305714286,2,stocksTrain3
-0.164583333,-0.11970074800000001,-0.433802817,0.396313364,0.2,0.708333333,-0.016260163,0.23022847100000002,0.025751073,0.230125523,-0.257336343,2,stocksTrain3
0.269387755,-0.121621622,-0.291187739,-0.08994709,-0.035087718999999996,1.5497076019999998,0.88,-0.498798077,0.656542056,-0.289041096,-0.100900901,2,stocksTrain3
-0.11397058800000001,0.659663866,-0.282828283,-0.287179487,0.24100719399999998,0.333333333,0.054117647000000005,-0.07589285700000001,0.041450777,0.3825,0.048903879000000004,2,stocksTrain3
-0.19753086399999997,0.03125,0.251908397,0.345454545,0.7826086959999999,4.339712919,0.46541722399999996,0.202863235,-0.268513854,-0.034270048,-0.326855124,2,stocksTrain3
0.087866109,0.41153846200000005,-0.162464986,-0.140939597,0.011904762,0.212355212,0.077669903,0.176291793,0.22,0.04742268,0.126923077,2,stocksTrain3
0.125490196,-0.150337838,0.029126213999999997,-0.0074074069999999995,-0.048507463,1.470588235,0.18533123,-0.09417685099999999,0.920556921,0.191949153,-0.19122807,2,stocksTrain3
0.090217391,0.505940594,-0.171428571,0.015232292,-0.148148148,0.53826087,-0.12506856800000002,0.165614035,-0.048751486,0.011830635,-0.212739641,2,stocksTrain3
0.17710843399999998,0.001960784,-0.224696356,-0.226485149,-0.115384615,0.388998035,0.062761506,0.22036262199999998,0.062133645999999994,-0.096452328,-0.01125,2,stocksTrain3
0.10928961699999999,0.48969497100000003,-0.039914847999999996,0.08388888900000001,0.051282050999999995,0.226628895,-0.27953668,-0.059613319000000005,-0.110086455,-0.282422646,0.278181818,2,stocksTrain3
0.036519871,0.17273954100000002,-0.042877698,-0.27109515300000003,-0.030167142,0.139690506,-0.107380074,0.18636363600000003,0.07804878,-0.074051027,-0.09803267800000001,2,stocksTrain3
0.397097625,0.13581395300000002,-0.21693548399999998,-0.327885598,-0.034743202,0.3296875,-0.21090909100000002,-0.089093702,0.104651163,0.239940387,-0.040740741000000004,2,stocksTrain3
0.034802783999999996,6.943693693999999,-0.55034085,-0.017699115,-0.34769038700000005,0.022450888999999998,-0.23853211,0.01875,0.253012048,0.00877193,-0.121298949,2,stocksTrain3
0.162207358,0.22804532600000002,-0.195767196,-0.408083442,-0.079229122,0.097505669,-0.086065574,0.349775785,-0.11461794,-0.10251450699999999,0.193333333,2,stocksTrain3
0.085384615,0.7821428570000001,-0.15976331400000002,-0.237033667,-0.249843848,0.21474359,-0.131679389,-0.256446991,0.017475728,-0.165137615,0.036666667,2,stocksTrain3
0.062604341,0.14285714300000002,0.023825732000000002,0.098026316,0.090159104,0.45917808200000004,-0.09516728599999999,0.442714571,-0.109722222,-0.102003643,-0.529472596,2,stocksTrain3
-0.04312553400000001,-0.029891304,-0.17925856399999998,-0.041713641,-0.11172873800000001,0.296778191,-0.110581506,0.7227774859999999,0.058090024000000004,-0.04822695,0.120431396,2,stocksTrain3
0.117816092,0.002617801,-0.108753316,-0.15014164300000002,-0.253333333,0.456730769,0.11301369900000001,0.29283489100000004,0.045673077,0.045454545,0.108510638,2,stocksTrain3
0.075,0.38656387700000006,0.055813953,-0.354181818,0.058295964000000006,0.14285714300000002,0.344642857,0.311141304,0.220216606,-0.036317568,-0.077396658,2,stocksTrain3
-0.052215884000000004,0.489161169,-0.186813187,-0.10206422,0.180639585,0.104527052,0.13378378400000002,0.126688682,0.151079137,-0.129195402,-0.012451361999999999,2,stocksTrain3
0.290769231,0.481232714,0.178495197,-0.159643255,-0.032266596,0.178755773,-0.10787710800000001,-0.008803729,-0.219607843,0.0063736999999999995,-0.06185567,2,stocksTrain3
-0.093439364,0.18032786899999997,-0.077634011,-0.206349206,0.016209476,0.233091787,-0.035087718999999996,0.150505051,-0.06558773400000001,-0.211521152,-0.035428571,2,stocksTrain3
-0.244186047,-0.033444816,-0.064347826,-0.414814815,0.095394737,0.444444444,-0.0042553190000000005,0.387368421,-0.08952959,-0.150572831,0.0038610040000000003,2,stocksTrain3
0.09629629599999999,0.333333333,-0.111922141,0.04109589,-0.026315789,0.125348189,0.0,0.146341463,0.00896861,0.0,-0.24444444399999998,2,stocksTrain3
-0.11454753699999999,0.487277354,-0.002601908,0.058295964000000006,-0.047107438,0.321989529,0.18616677399999998,0.301075269,0.150449714,-0.15863032800000001,-0.007475083,2,stocksTrain3
0.009170806,0.264150943,-0.13907382699999998,-0.34424263200000005,-0.05095057,0.009574468000000001,0.148919346,0.16892046800000002,-0.30819220199999997,-0.12599094,-0.15244891300000002,2,stocksTrain3
-0.106796117,0.31693989100000003,-0.118387909,-0.15108593,-0.148603352,0.336842105,-0.107072692,0.03956044,-0.122105263,-0.097590361,0.324832215,2,stocksTrain3
0.011034483000000001,0.11005434800000001,0.017369726999999998,-0.271428571,-0.10784313699999999,0.581651376,0.116571429,-0.10769230800000001,0.13166855800000002,-0.21100000000000002,-0.162264151,2,stocksTrain3
-0.019090909,0.360185185,-0.447972973,-0.08125,-0.016216216000000002,0.347297297,0.047094187999999995,0.14502369699999998,-0.074576271,-0.09816513800000001,-0.014344262,2,stocksTrain3
-0.092134831,-0.007481297,-0.250626566,-0.096989967,-0.111111111,0.5122950820000001,-0.07027027,0.080691643,-0.027100271000000002,-0.075842697,0.0,2,stocksTrain3
0.21167883199999998,0.103915663,0.022542831,0.13565217400000001,-0.351802657,0.31510876,0.007555556,0.06518847,-0.025416667,-0.143832693,-0.043111992,2,stocksTrain3
0.180107527,0.846330275,-0.068922306,0.142098274,-0.246768508,-0.264475743,-0.10212766,0.726840855,0.269387755,-0.109391125,0.01862631,2,stocksTrain3
0.12816577099999998,0.6494367129999999,-0.046447003,0.08999581400000001,0.023076923,0.255822286,-0.002285714,0.09140245599999999,0.25377800899999997,0.064902331,-0.196945967,2,stocksTrain3
0.034710744,0.512,0.147898287,-0.318282426,-0.119635891,0.16445427699999998,-0.168910649,-0.320266272,-0.151416122,0.024390244,-0.032459426,2,stocksTrain3
0.019543974,1.4469453380000001,0.06732026099999999,-0.088468578,-0.105298457,-0.05290611,0.217322835,0.052253429000000004,0.08852867800000001,0.122988506,0.031433138,2,stocksTrain3
-0.067846608,0.09265175699999999,-0.081632653,0.015974441000000002,-0.087774295,2.057823129,0.045555556,0.039742213,-0.062564103,0.089130435,-0.028798411,2,stocksTrain3
-0.034799737000000004,0.513513514,0.17309417,0.059428571,0.142228739,0.089308579,-0.03318649,0.06701346400000001,-0.028993587999999997,-0.069640288,-0.49777070100000004,2,stocksTrain3
-0.066666667,0.077649528,0.157325467,-0.033112583,0.230633803,0.88113879,-0.265486726,0.13121080599999999,0.11064010199999999,-0.404481132,0.037333332999999996,2,stocksTrain3
0.011190233999999999,0.821713147,0.11751018,0.207438449,-0.263321492,-0.070101857,0.070093458,-0.013613861000000001,0.11251580300000001,0.054414214,-0.301282051,2,stocksTrain3
0.108512629,1.205882353,-0.0296875,0.0704,0.118504673,-0.10333333300000001,0.03,0.43032491,0.096221662,0.07626728099999999,0.178224238,2,stocksTrain3
0.034064665,0.159103641,-0.015158923999999999,-0.023928215,-0.029979675,0.432545932,0.244947735,-0.024861877999999997,0.095611741,-0.062217495,-0.309754706,2,stocksTrain3
0.194392523,0.43692307700000005,0.053787047000000004,0.130072841,-0.040740741000000004,0.323639775,0.053634439000000006,-0.224503311,0.243333333,-0.0026845640000000004,-0.331296673,2,stocksTrain3
-0.10117647099999999,0.530718954,-0.090909091,-0.12465627900000001,-0.012048193,0.0,-0.147859922,-0.143671608,-0.166230366,-0.355555556,-0.45812807899999997,2,stocksTrain3
-0.219251337,0.220156556,-0.025889968,0.013854931000000001,-0.21010425,0.08814589699999999,-0.11973807300000001,0.19468085100000002,-0.17901234600000002,-0.304772234,-0.472644377,2,stocksTrain3
-0.041134752000000004,-0.050535988,-0.19837398399999998,-0.044660194,-0.04312115,0.518828452,-0.006858711,0.231506849,-0.09368421099999999,0.101928375,0.03875,2,stocksTrain3
-0.034666667000000005,0.548076923,-0.114463177,0.133789063,0.067944251,0.27746591800000003,0.007514089,0.092744479,-0.39241256700000005,-0.16097561,-0.318720379,2,stocksTrain3
0.12603476800000002,0.005121639,-0.526315789,-0.041147603,-0.02921437,0.076954564,0.12207293699999999,0.082453152,-0.1272838,-0.632508834,-0.18987341800000002,2,stocksTrain3
0.18220339,0.200692042,-0.11818181800000001,0.01384083,0.9627118640000001,1.145547945,-0.459854015,0.084720121,-0.351014041,-0.13658536599999999,-0.21008403399999998,2,stocksTrain3
-0.110870741,0.616839536,-0.024837599999999998,0.029019608,0.037960123,-0.062339567,-0.10693302,0.093327519,-0.352546388,-0.268352869,0.027918782000000003,2,stocksTrain3
-0.15630397199999999,-0.18018018,-0.269277846,-0.58,-0.301587302,0.36898395700000003,0.393574297,0.145299145,-0.124378109,-0.063953488,-0.271341463,2,stocksTrain3
-0.099009901,0.072222222,0.005128205,0.066326531,0.47846890000000003,0.833333333,-0.18956521699999998,0.0041237109999999995,0.010288066,0.037037037,-0.137373737,2,stocksTrain3
-0.076923077,0.935483871,0.016949153,0.5100671139999999,0.24,-0.005328596999999999,-0.092896175,-0.14,0.128266033,-0.480349345,-0.049180327999999995,2,stocksTrain3
0.872,-0.341974716,0.048292682999999996,0.001631702,-0.074976787,1.219837466,0.446770335,0.172344828,-0.231529412,-0.36734382200000004,-0.139263804,2,stocksTrain3
0.155,0.158590308,-0.41984732799999996,0.055921053,-0.069908815,0.30573248399999997,0.30402010100000004,0.032692307999999996,-0.145522388,0.06581741,-0.18627451,2,stocksTrain3
-0.046471600999999994,-0.20733945,0.181384248,0.070993915,0.202651515,1.117917305,0.11676217800000001,0.269652651,0.103848947,-0.165562914,0.061660079000000007,2,stocksTrain3
